sender,send_time,receive_time
192.168.1.136,2022-06-22 04:32:29.488574021 UTC,2022-06-22 04:32:29.705987439 UTC
192.168.1.136,2022-06-22 04:32:39.592665759 UTC,2022-06-22 04:32:39.712022917 UTC
192.168.1.136,2022-06-22 04:32:49.629700417 UTC,2022-06-22 04:32:49.779118029 UTC
192.168.1.136,2022-06-22 04:32:59.666692618 UTC,2022-06-22 04:32:59.750682090 UTC
192.168.1.136,2022-06-22 04:33:09.702744106 UTC,2022-06-22 04:33:09.777814039 UTC
192.168.1.136,2022-06-22 04:33:19.742423793 UTC,2022-06-22 04:33:19.869442446 UTC
192.168.1.136,2022-06-22 04:33:29.779089199 UTC,2022-06-22 04:33:29.911779216 UTC
192.168.1.136,2022-06-22 04:33:39.815545839 UTC,2022-06-22 04:33:39.871700995 UTC
192.168.1.136,2022-06-22 04:33:49.851562949 UTC,2022-06-22 04:33:49.949109904 UTC
